ID,TID,NAME,AREA,BLK,GENDER,JANAMOUNT,JANOR,JANDATE,TIME
1,1,Kin,Kin Zoanetti,1,,1,1,1,06:07 AM
2,2,Benjamin,Benjamin Chadd,2,,2,2,2,08:42 AM
3,3,Gilberto,Gilberto McSkin,3,,3,3,3,08:19 PM
4,4,Mozes,Mozes Pantling,4,,4,4,4,07:04 AM
5,5,Lester,Lester Saffe,5,,5,5,5,11:09 AM
6,6,Emilio,Emilio Condit,6,,6,6,6,02:17 AM
7,7,Sherie,Sherie Bearman,7,,7,7,7,10:43 AM
8,8,Karina,Karina Gallichan,8,,8,8,8,10:38 PM
9,9,Jaclin,Jaclin Abbs,9,,9,9,9,09:29 AM
10,10,Audrye,Audrye Lambert,10,,10,10,10,07:28 AM
11,11,Yard,Yard MacPadene,11,,11,11,11,06:31 AM
12,12,Petronilla,Petronilla Jacobovitz,12,,12,12,12,01:43 AM
13,13,Rory,Rory Van Hesteren,13,,13,13,13,12:07 AM
14,14,Alfredo,Alfredo Woodall,14,,14,14,14,01:38 AM
15,15,Eyde,Eyde Filgate,15,,15,15,15,08:43 PM
16,16,Chanda,Chanda Beggini,16,,16,16,16,06:12 AM
17,17,Jilli,Jilli Haughey,17,,17,17,17,05:41 AM
18,18,Koressa,Koressa Fowells,18,,18,18,18,12:04 PM
19,19,Allen,Allen Sieb,19,,19,19,19,09:03 AM
20,20,Ollie,Ollie Galgey,20,,20,20,20,04:19 PM
21,21,Ginnifer,Ginnifer McColgan,21,,21,21,21,05:22 PM
22,22,Brantley,Brantley Hampson,22,,22,22,22,04:46 PM
23,23,Lazare,Lazare Webburn,23,,23,23,23,06:25 PM
24,24,Jamil,Jamil Aloshechkin,24,,24,24,24,10:32 PM
25,25,Rhett,Rhett Levitt,25,,25,25,25,02:43 PM
26,26,Diannne,Diannne Barensky,26,,26,26,26,02:03 PM
27,27,Aloysius,Aloysius Stellino,27,,27,27,27,11:47 PM
28,28,Madella,Madella Ormston,28,,28,28,28,06:07 AM
29,29,Costa,Costa Elcom,29,,29,29,29,03:51 PM
30,30,Abeu,Abeu Briscam,30,,30,30,30,12:13 AM
31,31,Ketti,Ketti Dulson,31,,31,31,31,07:49 AM
32,32,Charleen,Charleen Caser,32,,32,32,32,08:00 AM
33,33,Darla,Darla Bickley,33,,33,33,33,03:55 AM
34,34,Franciska,Franciska Benduhn,34,,34,34,34,12:07 PM
35,35,Corny,Corny Dunridge,35,,35,35,35,02:12 AM
36,36,Kimberli,Kimberli Ropkins,36,,36,36,36,04:19 AM
37,37,Chere,Chere Cake,37,,37,37,37,05:43 AM
38,38,Toma,Toma Attwool,38,,38,38,38,12:20 PM
39,39,Lorens,Lorens Bignell,39,,39,39,39,09:43 AM
40,40,Orelie,Orelie Offord,40,,40,40,40,08:22 PM
41,41,Nerte,Nerte Gallant,41,,41,41,41,01:05 PM
42,42,Ryun,Ryun Tench,42,,42,42,42,07:16 AM
43,43,Alysa,Alysa Chifney,43,,43,43,43,10:39 PM
44,44,Cele,Cele Trippett,44,,44,44,44,05:53 AM
45,45,Bogart,Bogart Aldie,45,,45,45,45,12:52 PM
46,46,Maye,Maye Pagel,46,,46,46,46,09:07 AM
47,47,Linc,Linc Butland,47,,47,47,47,09:19 AM
48,48,Barret,Barret Claricoats,48,,48,48,48,04:43 AM
49,49,Lotty,Lotty Binnie,49,,49,49,49,09:45 PM
50,50,Giacinta,Giacinta Carver,50,,50,50,50,05:11 PM
51,51,Auberta,Auberta Trounce,51,,51,51,51,07:00 AM
52,52,April,April Chislett,52,,52,52,52,12:15 PM
53,53,Winn,Winn Martonfi,53,,53,53,53,11:46 AM
54,54,Selestina,Selestina Etchell,54,,54,54,54,05:11 PM
55,55,Rip,Rip Racher,55,,55,55,55,10:15 PM
56,56,Normie,Normie Madill,56,,56,56,56,11:37 AM
57,57,Gun,Gun Grime,57,,57,57,57,03:22 AM
58,58,Elliott,Elliott Youde,58,,58,58,58,03:20 PM
59,59,Hugh,Hugh Rummings,59,,59,59,59,01:33 AM
60,60,Jennine,Jennine Godbehere,60,,60,60,60,06:21 AM
61,61,Starla,Starla Gamell,61,,61,61,61,04:51 AM
62,62,Eliot,Eliot Formilli,62,,62,62,62,05:30 AM
63,63,Octavius,Octavius Belsey,63,,63,63,63,08:07 AM
64,64,Gibby,Gibby Andersen,64,,64,64,64,03:59 PM
65,65,Rebecca,Rebecca Lamonby,65,,65,65,65,11:36 PM
66,66,Joni,Joni Selman,66,,66,66,66,07:10 AM
67,67,Alberto,Alberto Pickthall,67,,67,67,67,10:40 AM
68,68,Dilan,Dilan Blueman,68,,68,68,68,12:54 AM
69,69,Gawen,Gawen Emptage,69,,69,69,69,08:28 PM
70,70,Tobit,Tobit Bream,70,,70,70,70,05:43 AM
71,71,Floyd,Floyd Peto,71,,71,71,71,01:22 AM
72,72,Reine,Reine Mallam,72,,72,72,72,10:04 AM
73,73,Fiona,Fiona Harfoot,73,,73,73,73,03:37 PM
74,74,Lizabeth,Lizabeth Tudge,74,,74,74,74,05:54 AM
75,75,Brittan,Brittan Nears,75,,75,75,75,06:35 PM
76,76,Aguste,Aguste Cosstick,76,,76,76,76,09:56 AM
77,77,Hobard,Hobard Nevett,77,,77,77,77,10:16 AM
78,78,Ardene,Ardene Ealam,78,,78,78,78,11:06 PM
79,79,Konstance,Konstance Dripps,79,,79,79,79,12:56 PM
80,80,Malory,Malory Redihalgh,80,,80,80,80,04:37 PM
81,81,Nichole,Nichole Wolfers,81,,81,81,81,08:55 AM
82,82,Becca,Becca Iacobassi,82,,82,82,82,04:57 PM
83,83,Brigid,Brigid Delleschi,83,,83,83,83,06:54 AM
84,84,Koenraad,Koenraad Heald,84,,84,84,84,10:40 PM
85,85,Orton,Orton Cockerham,85,,85,85,85,02:12 PM
86,86,Tanhya,Tanhya Naden,86,,86,86,86,10:50 AM
87,87,Marylin,Marylin Ferrandez,87,,87,87,87,11:50 AM
88,88,Paulo,Paulo Light,88,,88,88,88,12:36 AM
89,89,Shawn,Shawn Gilding,89,,89,89,89,08:29 AM
90,90,Sharyl,Sharyl Sarge,90,,90,90,90,09:29 PM
91,91,Stephine,Stephine Ledster,91,,91,91,91,08:15 PM
92,92,Lefty,Lefty Pucknell,92,,92,92,92,06:00 AM
93,93,Tremain,Tremain Cranson,93,,93,93,93,05:40 AM
94,94,Maryellen,Maryellen Goldes,94,,94,94,94,02:01 PM
95,95,Darsey,Darsey Flawith,95,,95,95,95,11:06 PM
96,96,Rubie,Rubie Palfree,96,,96,96,96,05:23 PM
97,97,Chastity,Chastity Huggill,97,,97,97,97,04:35 AM
98,98,Rodney,Rodney Kurtis,98,,98,98,98,12:33 AM
99,99,Grant,Grant Eschalette,99,,99,99,99,01:00 PM
100,100,Blake,Blake Juorio,100,,100,100,100,02:41 PM
101,101,Meggi,Meggi Nenci,101,,101,101,101,04:29 AM
102,102,Frank,Frank Kalaher,102,,102,102,102,02:06 AM
103,103,Allianora,Allianora Currin,103,,103,103,103,08:27 AM
104,104,Ario,Ario Bindin,104,,104,104,104,04:18 PM
105,105,Cheryl,Cheryl Kinrade,105,,105,105,105,05:01 PM
106,106,Jolie,Jolie Clemenson,106,,106,106,106,05:18 AM
107,107,Jackquelin,Jackquelin Sisey,107,,107,107,107,03:54 PM
108,108,Janot,Janot Henker,108,,108,108,108,01:15 PM
109,109,Alexi,Alexi Goldston,109,,109,109,109,02:10 AM
110,110,Scottie,Scottie Wyley,110,,110,110,110,10:04 AM
111,111,Silva,Silva Taw,111,,111,111,111,08:08 AM
112,112,Alon,Alon Whybray,112,,112,112,112,11:55 AM
113,113,Walt,Walt Phillips,113,,113,113,113,07:59 AM
114,114,Caterina,Caterina McJarrow,114,,114,114,114,12:20 AM
115,115,Bennie,Bennie Alenov,115,,115,115,115,02:55 PM
116,116,Emmi,Emmi Herley,116,,116,116,116,11:10 PM
117,117,Maurizia,Maurizia Osmint,117,,117,117,117,08:10 PM
118,118,Freddie,Freddie Schreurs,118,,118,118,118,07:26 AM
119,119,Cherry,Cherry Brindley,119,,119,119,119,09:50 PM
120,120,Pace,Pace Hazleton,120,,120,120,120,05:43 PM
121,121,Celka,Celka Loud,121,,121,121,121,04:04 AM
122,122,Starlin,Starlin Mathie,122,,122,122,122,03:59 AM
123,123,Kirby,Kirby Whitcher,123,,123,123,123,03:15 AM
124,124,Frasquito,Frasquito Pindar,124,,124,124,124,08:10 AM
125,125,Thomasin,Thomasin Scown,125,,125,125,125,07:11 AM
126,126,Yulma,Yulma Votier,126,,126,126,126,11:01 AM
127,127,Smith,Smith Piaggia,127,,127,127,127,04:17 AM
128,128,Corinne,Corinne Snalum,128,,128,128,128,04:31 PM
129,129,Vergil,Vergil Byre,129,,129,129,129,08:41 PM
130,130,Eileen,Eileen Riteley,130,,130,130,130,08:05 PM
131,131,Elberta,Elberta McCullum,131,,131,131,131,04:09 PM
132,132,Gerick,Gerick Baroux,132,,132,132,132,02:50 PM
133,133,Evonne,Evonne Gurling,133,,133,133,133,05:36 AM
134,134,Libby,Libby Gozard,134,,134,134,134,08:12 PM
135,135,Halley,Halley Tebald,135,,135,135,135,06:09 AM
136,136,Gard,Gard Rathke,136,,136,136,136,02:36 PM
137,137,Burg,Burg Swigger,137,,137,137,137,03:13 PM
138,138,Dill,Dill Iacopini,138,,138,138,138,01:19 PM
139,139,Karolina,Karolina Stubbs,139,,139,139,139,08:33 AM
140,140,Genna,Genna Smullen,140,,140,140,140,08:23 PM
141,141,Marissa,Marissa Hagger,141,,141,141,141,12:49 AM
142,142,Pegeen,Pegeen Rawlings,142,,142,142,142,10:44 PM
143,143,Lyndsie,Lyndsie Pfeuffer,143,,143,143,143,06:51 PM
144,144,Elisabet,Elisabet Rimell,144,,144,144,144,11:16 AM
145,145,Eba,Eba Tipple,145,,145,145,145,04:15 AM
146,146,Dredi,Dredi Mitkin,146,,146,146,146,03:01 PM
147,147,Skippy,Skippy Butland,147,,147,147,147,04:18 AM
148,148,Vikky,Vikky Hyam,148,,148,148,148,02:35 AM
149,149,Nickie,Nickie Snowsill,149,,149,149,149,10:36 AM
150,150,Teddie,Teddie Peters,150,,150,150,150,06:37 PM
151,151,Manny,Manny Cheyenne,151,,151,151,151,06:25 PM
152,152,Stacee,Stacee Jahnke,152,,152,152,152,10:30 AM
153,153,Carson,Carson Fennelow,153,,153,153,153,05:58 AM
154,154,Emilio,Emilio Jahan,154,,154,154,154,04:28 AM
155,155,Laura,Laura Himpson,155,,155,155,155,12:43 PM
156,156,Cilka,Cilka Dignum,156,,156,156,156,12:30 PM
157,157,Donnell,Donnell Lemmens,157,,157,157,157,04:42 PM
158,158,Krissie,Krissie Skedge,158,,158,158,158,01:57 AM
159,159,Rudyard,Rudyard Walczak,159,,159,159,159,08:41 AM
160,160,Kalle,Kalle Somerset,160,,160,160,160,10:46 AM
161,161,Shelli,Shelli Boarleyson,161,,161,161,161,08:38 PM
162,162,Augustin,Augustin Butchart,162,,162,162,162,07:31 AM
163,163,Marline,Marline Ducrow,163,,163,163,163,08:00 AM
164,164,Sammy,Sammy Vest,164,,164,164,164,07:23 PM
165,165,Osbourn,Osbourn Molines,165,,165,165,165,11:36 AM
166,166,Honor,Honor Moorcraft,166,,166,166,166,01:44 AM
167,167,Wright,Wright Pottie,167,,167,167,167,04:52 AM
168,168,Stace,Stace McTaggart,168,,168,168,168,12:36 AM
169,169,Karel,Karel Jeaves,169,,169,169,169,08:27 PM
170,170,Alfonse,Alfonse Moorcraft,170,,170,170,170,06:51 AM
171,171,Enrique,Enrique Sivorn,171,,171,171,171,03:15 AM
172,172,Rafa,Rafa Pheazey,172,,172,172,172,07:13 AM
173,173,Floyd,Floyd Silverthorn,173,,173,173,173,11:25 PM
174,174,Hesther,Hesther Dimeloe,174,,174,174,174,09:32 AM
175,175,Lizzy,Lizzy Mackstead,175,,175,175,175,06:14 PM
176,176,Osmund,Osmund Tewkesbury.,176,,176,176,176,01:01 PM
177,177,Ozzy,Ozzy Heys,177,,177,177,177,04:58 AM
178,178,Lissa,Lissa Tallowin,178,,178,178,178,10:44 PM
179,179,Eziechiele,Eziechiele Tilliard,179,,179,179,179,02:19 PM
180,180,Desiree,Desiree Westoff,180,,180,180,180,09:12 PM
181,181,Kelila,Kelila Skillen,181,,181,181,181,06:41 AM
182,182,Shoshana,Shoshana Battison,182,,182,182,182,03:22 PM
183,183,Jacky,Jacky Ransley,183,,183,183,183,10:12 AM
184,184,Shellysheldon,Shellysheldon Coule,184,,184,184,184,02:46 AM
185,185,Benedicto,Benedicto Grizard,185,,185,185,185,02:14 AM
186,186,Balduin,Balduin Ahern,186,,186,186,186,11:34 AM
187,187,Meryl,Meryl Emmert,187,,187,187,187,11:38 AM
188,188,Robinson,Robinson Pasek,188,,188,188,188,07:19 AM
189,189,Rahel,Rahel Skegg,189,,189,189,189,04:11 AM
190,190,Brietta,Brietta Carling,190,,190,190,190,07:28 AM
191,191,Rich,Rich Sommerly,191,,191,191,191,04:15 AM
192,192,Susanetta,Susanetta Verlander,192,,192,192,192,06:47 AM
193,193,Joey,Joey O' Flaherty,193,,193,193,193,03:50 AM
194,194,Heall,Heall Lobb,194,,194,194,194,07:50 PM
195,195,Renato,Renato Ranson,195,,195,195,195,05:04 AM
196,196,Abagail,Abagail Sprigings,196,,196,196,196,10:39 PM
197,197,Justinian,Justinian Wick,197,,197,197,197,10:33 AM
198,198,Jasen,Jasen Eyes,198,,198,198,198,08:59 AM
199,199,Egon,Egon Folomin,199,,199,199,199,07:10 PM
200,200,Terrill,Terrill Mertin,200,,200,200,200,06:01 PM
201,201,Ximenes,Ximenes Thumann,201,,201,201,201,01:04 PM
202,202,Hunfredo,Hunfredo Laverock,202,,202,202,202,12:52 PM
203,203,Krissy,Krissy Cantero,203,,203,203,203,06:24 PM
204,204,Josepha,Josepha Kenryd,204,,204,204,204,08:05 PM
205,205,Flint,Flint Buckberry,205,,205,205,205,02:26 AM
206,206,Robinetta,Robinetta Rathbone,206,,206,206,206,04:34 AM
207,207,Mendie,Mendie Upex,207,,207,207,207,12:50 PM
208,208,Andra,Andra Highman,208,,208,208,208,05:50 AM
209,209,Chere,Chere Iorns,209,,209,209,209,03:50 PM
210,210,Dmitri,Dmitri Ennion,210,,210,210,210,05:17 AM
211,211,Guilbert,Guilbert Coltan,211,,211,211,211,09:28 AM
212,212,Angelia,Angelia Pasmore,212,,212,212,212,05:49 PM
213,213,Danyette,Danyette Kennham,213,,213,213,213,05:28 PM
214,214,Charline,Charline Morman,214,,214,214,214,11:16 AM
215,215,Sean,Sean Harridge,215,,215,215,215,11:32 AM
216,216,Janette,Janette Purcer,216,,216,216,216,10:24 PM
217,217,Imojean,Imojean Lackington,217,,217,217,217,07:58 PM
218,218,Koressa,Koressa Bryan,218,,218,218,218,11:12 PM
219,219,Wain,Wain Beaby,219,,219,219,219,06:46 PM
220,220,Randie,Randie Ralestone,220,,220,220,220,02:47 PM
221,221,Saunder,Saunder Binton,221,,221,221,221,08:13 AM
222,222,Norina,Norina Skellen,222,,222,222,222,08:03 PM
223,223,Greta,Greta Reston,223,,223,223,223,09:07 PM
224,224,Ninetta,Ninetta Pietruszka,224,,224,224,224,04:19 AM
225,225,Reeta,Reeta Stripling,225,,225,225,225,01:50 AM
226,226,Evie,Evie Hug,226,,226,226,226,07:30 PM
227,227,Desmund,Desmund Benmore,227,,227,227,227,09:52 PM
228,228,Edna,Edna Arkow,228,,228,228,228,09:04 AM
229,229,Allan,Allan Stedell,229,,229,229,229,02:40 PM
230,230,Marcelle,Marcelle Lennie,230,,230,230,230,12:44 PM
231,231,Pier,Pier Elington,231,,231,231,231,04:58 PM
232,232,Danie,Danie McJury,232,,232,232,232,12:12 AM
233,233,Ronnie,Ronnie Dibner,233,,233,233,233,07:22 PM
234,234,Carmita,Carmita Blaw,234,,234,234,234,12:39 PM
235,235,Tasha,Tasha Ebertz,235,,235,235,235,06:25 PM
236,236,Wilone,Wilone Joanic,236,,236,236,236,11:52 AM
237,237,Katee,Katee Scougall,237,,237,237,237,02:09 PM
238,238,Berton,Berton Jewsbury,238,,238,238,238,10:57 AM
239,239,Marlie,Marlie Doodney,239,,239,239,239,06:37 AM
240,240,Aloin,Aloin Seacombe,240,,240,240,240,06:23 AM
241,241,Aldous,Aldous Renny,241,,241,241,241,06:51 PM
242,242,Sigfrid,Sigfrid Hugnet,242,,242,242,242,04:06 AM
243,243,Lanita,Lanita Strode,243,,243,243,243,02:36 PM
244,244,Sadella,Sadella Klehn,244,,244,244,244,12:53 AM
245,245,Kenton,Kenton Mumbeson,245,,245,245,245,01:22 AM
246,246,Berkie,Berkie Pattrick,246,,246,246,246,02:06 AM
247,247,Edsel,Edsel Laughlin,247,,247,247,247,06:26 AM
248,248,Nicolette,Nicolette Organer,248,,248,248,248,04:50 PM
249,249,Zelig,Zelig Wilkes,249,,249,249,249,04:46 PM
250,250,Horst,Horst Worsnop,250,,250,250,250,09:13 PM
251,251,Ryann,Ryann Bru,251,,251,251,251,06:02 PM
252,252,Zed,Zed Bineham,252,,252,252,252,01:00 AM
253,253,Salaidh,Salaidh Poag,253,,253,253,253,09:16 AM
254,254,Beulah,Beulah McMickan,254,,254,254,254,07:44 PM
255,255,Laraine,Laraine Pluthero,255,,255,255,255,07:04 AM
256,256,Lucita,Lucita Bidmead,256,,256,256,256,01:42 AM
257,257,Skylar,Skylar Cribbin,257,,257,257,257,08:16 PM
258,258,Ike,Ike Lorent,258,,258,258,258,06:10 AM
259,259,Jaquenetta,Jaquenetta Selvey,259,,259,259,259,04:41 AM
260,260,Glenden,Glenden Bench,260,,260,260,260,09:26 AM
261,261,Alayne,Alayne Kender,261,,261,261,261,02:35 PM
262,262,Kalindi,Kalindi Maplethorp,262,,262,262,262,02:05 PM
263,263,Lita,Lita O'Fihillie,263,,263,263,263,03:26 PM
264,264,Flem,Flem Rableau,264,,264,264,264,11:46 PM
265,265,Gleda,Gleda Satcher,265,,265,265,265,04:49 PM
266,266,Durward,Durward Rippingall,266,,266,266,266,04:14 PM
267,267,Eulalie,Eulalie Dibdall,267,,267,267,267,09:01 PM
268,268,Kaleb,Kaleb Symcock,268,,268,268,268,12:35 AM
269,269,Benjy,Benjy Bracco,269,,269,269,269,02:32 PM
270,270,Whittaker,Whittaker Debill,270,,270,270,270,11:33 PM
271,271,Sisile,Sisile Galero,271,,271,271,271,05:04 PM
272,272,Abbe,Abbe Rivaland,272,,272,272,272,06:11 AM
273,273,Spencer,Spencer Turnpenny,273,,273,273,273,11:26 PM
274,274,Jonie,Jonie Hansford,274,,274,274,274,11:49 AM
275,275,Josy,Josy Pigott,275,,275,275,275,01:51 PM
276,276,Garvy,Garvy Aymes,276,,276,276,276,04:55 AM
277,277,Thomasina,Thomasina Quincee,277,,277,277,277,07:57 AM
278,278,Francisco,Francisco Greave,278,,278,278,278,03:33 PM
279,279,Othello,Othello Bly,279,,279,279,279,03:06 AM
280,280,Marthe,Marthe Fisby,280,,280,280,280,03:10 AM
281,281,Valentine,Valentine Darnbrough,281,,281,281,281,12:49 PM
282,282,Marlyn,Marlyn Lisamore,282,,282,282,282,06:48 AM
283,283,Ryley,Ryley Billinge,283,,283,283,283,05:44 PM
284,284,Bobby,Bobby Stitt,284,,284,284,284,03:44 PM
285,285,Roarke,Roarke Cloney,285,,285,285,285,06:06 AM
286,286,Val,Val Stains,286,,286,286,286,05:25 AM
287,287,Morgan,Morgan McCoish,287,,287,287,287,06:21 AM
288,288,Adolf,Adolf Brandts,288,,288,288,288,07:18 AM
289,289,Wit,Wit Lenden,289,,289,289,289,06:10 AM
290,290,Tadio,Tadio Bollon,290,,290,290,290,07:50 AM
291,291,Elysee,Elysee Tripp,291,,291,291,291,02:52 AM
292,292,Tabbitha,Tabbitha Bartelli,292,,292,292,292,10:51 AM
293,293,Mercie,Mercie Faloon,293,,293,293,293,11:22 AM
294,294,Karlene,Karlene Wands,294,,294,294,294,02:35 PM
295,295,Sydney,Sydney Pipping,295,,295,295,295,05:58 PM
296,296,Dorolisa,Dorolisa Brunroth,296,,296,296,296,11:15 AM
297,297,Karly,Karly Filipczynski,297,,297,297,297,06:27 PM
298,298,Bonny,Bonny Fayter,298,,298,298,298,10:29 PM
299,299,Keenan,Keenan Vearncomb,299,,299,299,299,09:33 AM
300,300,Isadora,Isadora Kinvig,300,,300,300,300,06:49 PM
301,301,Jess,Jess Donaho,301,,301,301,301,01:19 AM
302,302,Marmaduke,Marmaduke Pessold,302,,302,302,302,04:34 AM
303,303,Teddie,Teddie Schimke,303,,303,303,303,09:21 AM
304,304,Shena,Shena Sidgwick,304,,304,304,304,10:34 PM
305,305,Vassili,Vassili Butter,305,,305,305,305,07:46 PM
306,306,Kaye,Kaye O'Currigan,306,,306,306,306,05:38 AM
307,307,Darcey,Darcey Lowndsborough,307,,307,307,307,01:55 AM
308,308,Bernadina,Bernadina Rowth,308,,308,308,308,04:03 AM
309,309,Ronnie,Ronnie Matkovic,309,,309,309,309,12:34 PM
310,310,Brigitta,Brigitta Compford,310,,310,310,310,02:24 AM
311,311,Jethro,Jethro Tasseler,311,,311,311,311,03:51 AM
312,312,Riane,Riane Newberry,312,,312,312,312,03:31 PM
313,313,Jamaal,Jamaal Shackelton,313,,313,313,313,02:38 AM
314,314,Milt,Milt Luckin,314,,314,314,314,11:51 PM
315,315,Valle,Valle Tonna,315,,315,315,315,11:09 AM
316,316,Duffy,Duffy Girone,316,,316,316,316,03:46 AM
317,317,Consuela,Consuela Swaysland,317,,317,317,317,07:59 PM
318,318,Maddie,Maddie Hulme,318,,318,318,318,12:26 AM
319,319,Adelina,Adelina Olle,319,,319,319,319,02:38 AM
320,320,Hercule,Hercule Houlison,320,,320,320,320,05:50 PM
321,321,Saxon,Saxon Hollindale,321,,321,321,321,03:51 AM
322,322,Pincas,Pincas Curphey,322,,322,322,322,12:54 PM
323,323,Neil,Neil Brogiotti,323,,323,323,323,05:44 PM
324,324,Obediah,Obediah O'Scanlon,324,,324,324,324,05:52 AM
325,325,Mei,Mei Everwin,325,,325,325,325,10:04 PM
326,326,Pernell,Pernell Scholfield,326,,326,326,326,08:29 PM
327,327,Brendon,Brendon Armer,327,,327,327,327,06:55 AM
328,328,Sibyl,Sibyl Eakly,328,,328,328,328,09:08 AM
329,329,Pincus,Pincus Cavanagh,329,,329,329,329,12:30 AM
330,330,Barris,Barris Golley,330,,330,330,330,12:41 AM
331,331,Clarette,Clarette Gut,331,,331,331,331,02:02 AM
332,332,Mirabel,Mirabel Alastair,332,,332,332,332,09:28 AM
333,333,Garwin,Garwin Harder,333,,333,333,333,08:19 PM
334,334,Jermain,Jermain Lerego,334,,334,334,334,06:53 PM
335,335,Nancey,Nancey Polgreen,335,,335,335,335,08:11 AM
336,336,Roze,Roze Morfett,336,,336,336,336,01:50 AM
337,337,Jerrylee,Jerrylee Rosin,337,,337,337,337,06:31 AM
338,338,Manya,Manya Boshier,338,,338,338,338,07:19 PM
339,339,Adella,Adella Hutchings,339,,339,339,339,10:54 AM
340,340,Caty,Caty Looney,340,,340,340,340,05:11 AM
341,341,Noland,Noland Disley,341,,341,341,341,10:41 AM
342,342,Rebecca,Rebecca Kolinsky,342,,342,342,342,09:02 PM
343,343,Darelle,Darelle Pidgley,343,,343,343,343,12:14 AM
344,344,Melisse,Melisse Citrine,344,,344,344,344,02:44 AM
345,345,Viki,Viki Kitchingman,345,,345,345,345,07:02 PM
346,346,Wittie,Wittie Thying,346,,346,346,346,11:52 AM
347,347,Sherri,Sherri Lay,347,,347,347,347,09:35 PM
348,348,Alwyn,Alwyn Guerrazzi,348,,348,348,348,03:37 PM
349,349,Arlena,Arlena Sharville,349,,349,349,349,11:05 PM
350,350,Waneta,Waneta Kindon,350,,350,350,350,12:29 PM
351,351,Saxe,Saxe Bartosiak,351,,351,351,351,06:41 AM
352,352,Lise,Lise Moyles,352,,352,352,352,08:45 AM
353,353,Gweneth,Gweneth Frosch,353,,353,353,353,04:22 AM
354,354,Kelley,Kelley Emblen,354,,354,354,354,10:00 AM
355,355,Merry,Merry Schall,355,,355,355,355,06:35 AM
356,356,Donall,Donall Burnsall,356,,356,356,356,04:15 AM
357,357,Jon,Jon Hillan,357,,357,357,357,11:23 AM
358,358,Hunter,Hunter Gliddon,358,,358,358,358,10:59 PM
359,359,Damon,Damon Costain,359,,359,359,359,05:02 AM
360,360,Tymothy,Tymothy Duthie,360,,360,360,360,08:28 PM
361,361,Leigh,Leigh Kennion,361,,361,361,361,10:04 PM
362,362,Dniren,Dniren Sperwell,362,,362,362,362,07:31 AM
363,363,Elisabetta,Elisabetta Minillo,363,,363,363,363,07:48 PM
364,364,Nevile,Nevile Jobe,364,,364,364,364,06:35 PM
365,365,Olivia,Olivia Hyett,365,,365,365,365,11:52 PM
366,366,Leo,Leo Crop,366,,366,366,366,11:57 AM
367,367,Alejoa,Alejoa Rubee,367,,367,367,367,05:09 PM
368,368,Skippie,Skippie Gettings,368,,368,368,368,04:59 PM
369,369,Caron,Caron Whitehorn,369,,369,369,369,02:10 PM
370,370,Rhoda,Rhoda Behnecke,370,,370,370,370,10:55 PM
371,371,Orton,Orton Potteridge,371,,371,371,371,01:15 PM
372,372,Rustin,Rustin Zemler,372,,372,372,372,10:46 AM
373,373,Valeria,Valeria Hansom,373,,373,373,373,03:59 AM
374,374,Alis,Alis Boughen,374,,374,374,374,12:09 AM
375,375,Randolf,Randolf Melia,375,,375,375,375,01:01 PM
376,376,Norina,Norina Jakubovski,376,,376,376,376,09:26 PM
377,377,Hilliard,Hilliard O'Riordan,377,,377,377,377,03:54 AM
378,378,Bent,Bent Garnar,378,,378,378,378,01:37 AM
379,379,Lorita,Lorita Annand,379,,379,379,379,10:50 AM
380,380,Husain,Husain Karlsson,380,,380,380,380,10:37 PM
381,381,Carita,Carita Perch,381,,381,381,381,08:48 AM
382,382,Judd,Judd Stormouth,382,,382,382,382,07:38 AM
383,383,Charil,Charil Petrovykh,383,,383,383,383,11:34 PM
384,384,Ezequiel,Ezequiel Beney,384,,384,384,384,04:47 PM
385,385,Delcine,Delcine McCabe,385,,385,385,385,12:58 AM
386,386,Warner,Warner Gerhold,386,,386,386,386,03:45 PM
387,387,Shamus,Shamus Coplestone,387,,387,387,387,01:30 AM
388,388,Rudie,Rudie Flaubert,388,,388,388,388,11:37 AM
389,389,Batsheva,Batsheva Greenrod,389,,389,389,389,03:05 PM
390,390,Sal,Sal Hassett,390,,390,390,390,04:36 AM
391,391,Hamlin,Hamlin Clatworthy,391,,391,391,391,08:50 AM
392,392,Sheryl,Sheryl Oliver,392,,392,392,392,06:22 PM
393,393,Ric,Ric Haye,393,,393,393,393,02:48 PM
394,394,Tarra,Tarra Boniface,394,,394,394,394,09:43 AM
395,395,Vivianna,Vivianna Lethcoe,395,,395,395,395,04:25 AM
396,396,Elsi,Elsi Lethardy,396,,396,396,396,12:45 PM
397,397,Toma,Toma Cockburn,397,,397,397,397,03:39 PM
398,398,Masha,Masha Marchbank,398,,398,398,398,10:38 AM
399,399,Delaney,Delaney Geall,399,,399,399,399,10:52 AM
400,400,Rogers,Rogers Grzelak,400,,400,400,400,09:14 AM
401,401,Corny,Corny Evelyn,401,,401,401,401,12:00 AM
402,402,Marta,Marta Haggidon,402,,402,402,402,07:48 AM
403,403,Harald,Harald Curtis,403,,403,403,403,06:07 AM
404,404,Harriette,Harriette Jankiewicz,404,,404,404,404,04:29 AM
405,405,Mattheus,Mattheus Thaller,405,,405,405,405,07:52 PM
406,406,Gilly,Gilly Jacquot,406,,406,406,406,01:01 PM
407,407,Harmony,Harmony How,407,,407,407,407,01:16 PM
408,408,Phillie,Phillie Wetter,408,,408,408,408,05:12 AM
409,409,Claire,Claire Postans,409,,409,409,409,05:54 PM
410,410,Marie-jeanne,Marie-jeanne Flintoft,410,,410,410,410,03:04 PM
411,411,Elysia,Elysia McGifford,411,,411,411,411,03:54 AM
412,412,Reginauld,Reginauld Standall,412,,412,412,412,08:25 PM
413,413,Errick,Errick Tonkinson,413,,413,413,413,05:44 AM
414,414,Urban,Urban Golby,414,,414,414,414,07:44 PM
415,415,Angelita,Angelita Pauley,415,,415,415,415,06:40 AM
416,416,Saudra,Saudra Taffie,416,,416,416,416,09:08 PM
417,417,Ianthe,Ianthe Hawtrey,417,,417,417,417,10:27 AM
418,418,Rebeka,Rebeka Le Fleming,418,,418,418,418,04:31 AM
419,419,Jemimah,Jemimah Morley,419,,419,419,419,06:04 AM
420,420,Cory,Cory Chalfain,420,,420,420,420,11:50 PM
421,421,Florella,Florella O'Gavin,421,,421,421,421,03:51 PM
422,422,Thorn,Thorn Smowton,422,,422,422,422,12:30 AM
423,423,Dominique,Dominique De la croix,423,,423,423,423,10:31 PM
424,424,Allyson,Allyson Metheringham,424,,424,424,424,11:58 PM
425,425,Ase,Ase De Clairmont,425,,425,425,425,02:54 AM
426,426,Brita,Brita Dedon,426,,426,426,426,07:45 PM
427,427,Corena,Corena Connealy,427,,427,427,427,10:31 AM
428,428,Onofredo,Onofredo Fossord,428,,428,428,428,04:43 AM
429,429,Philippe,Philippe Morteo,429,,429,429,429,09:03 AM
430,430,Angelita,Angelita Kubach,430,,430,430,430,06:17 PM
431,431,Garald,Garald Buttery,431,,431,431,431,06:55 AM
432,432,Ruben,Ruben Gerler,432,,432,432,432,07:02 PM
433,433,Tabby,Tabby Fisk,433,,433,433,433,01:41 PM
434,434,Claudelle,Claudelle Simonett,434,,434,434,434,03:50 AM
435,435,Diahann,Diahann Woodhead,435,,435,435,435,12:39 AM
436,436,Jo-ann,Jo-ann Ankers,436,,436,436,436,04:07 PM
437,437,Zechariah,Zechariah Brickstock,437,,437,437,437,01:09 AM
438,438,Demetra,Demetra Mabon,438,,438,438,438,01:11 AM
439,439,Nedda,Nedda Wainscoat,439,,439,439,439,10:16 PM
440,440,Margarete,Margarete Cupper,440,,440,440,440,08:14 AM
441,441,Barde,Barde Hannaby,441,,441,441,441,10:52 PM
442,442,Demetre,Demetre Swendell,442,,442,442,442,07:14 PM
443,443,Dodi,Dodi Noury,443,,443,443,443,06:21 PM
444,444,Arvie,Arvie Egre,444,,444,444,444,07:01 AM
445,445,Patric,Patric Grimstead,445,,445,445,445,03:11 PM
446,446,Cyndy,Cyndy Baish,446,,446,446,446,07:49 AM
447,447,Jaynell,Jaynell Holberry,447,,447,447,447,06:56 PM
448,448,Etan,Etan Gosnoll,448,,448,448,448,08:59 AM
449,449,Stephen,Stephen Crunden,449,,449,449,449,10:10 AM
450,450,Vasilis,Vasilis Larvor,450,,450,450,450,03:25 PM
451,451,Viva,Viva Hartburn,451,,451,451,451,06:40 PM
452,452,Lori,Lori Hibbart,452,,452,452,452,01:00 PM
453,453,Cori,Cori Risbie,453,,453,453,453,12:30 AM
454,454,Mirella,Mirella Van der Kruys,454,,454,454,454,07:47 AM
455,455,Emilie,Emilie Brazel,455,,455,455,455,06:36 AM
456,456,Boniface,Boniface Cardnell,456,,456,456,456,06:57 PM
457,457,Vivie,Vivie Wastling,457,,457,457,457,07:20 PM
458,458,Gerard,Gerard Akeherst,458,,458,458,458,03:19 PM
459,459,Dorelle,Dorelle Berrisford,459,,459,459,459,06:56 AM
460,460,Allison,Allison Miere,460,,460,460,460,06:51 PM
461,461,Terri,Terri Ferrara,461,,461,461,461,09:21 PM
462,462,Constantin,Constantin Johantges,462,,462,462,462,12:09 AM
463,463,Austine,Austine Gabitis,463,,463,463,463,08:48 AM
464,464,Anderson,Anderson Togwell,464,,464,464,464,09:56 PM
465,465,Eduino,Eduino Readitt,465,,465,465,465,08:15 AM
466,466,Chad,Chad Dolligon,466,,466,466,466,03:14 AM
467,467,Dennie,Dennie Smardon,467,,467,467,467,05:07 AM
468,468,Domini,Domini Cottingham,468,,468,468,468,10:56 AM
469,469,Tiffani,Tiffani Scothorn,469,,469,469,469,01:09 PM
470,470,Angie,Angie Dilkes,470,,470,470,470,12:02 PM
471,471,Courtney,Courtney Kingwell,471,,471,471,471,01:27 AM
472,472,Carolann,Carolann Brizell,472,,472,472,472,04:02 PM
473,473,Perceval,Perceval Wodeland,473,,473,473,473,10:50 PM
474,474,Casar,Casar Hatchman,474,,474,474,474,02:38 PM
475,475,Elijah,Elijah Revens,475,,475,475,475,06:36 AM
476,476,Nico,Nico Gaytor,476,,476,476,476,01:58 AM
477,477,Desi,Desi Gipson,477,,477,477,477,07:54 AM
478,478,Sandie,Sandie Heustice,478,,478,478,478,07:48 AM
479,479,Jedidiah,Jedidiah McSperron,479,,479,479,479,10:12 PM
480,480,Steffen,Steffen Utton,480,,480,480,480,06:57 AM
481,481,Kary,Kary Fardy,481,,481,481,481,03:19 PM
482,482,Alisa,Alisa Beves,482,,482,482,482,10:27 PM
483,483,Diena,Diena Wenger,483,,483,483,483,01:37 AM
484,484,Dinah,Dinah Tirrey,484,,484,484,484,11:14 PM
485,485,Cati,Cati Dubble,485,,485,485,485,11:07 AM
486,486,Aeriell,Aeriell Larmuth,486,,486,486,486,05:52 AM
487,487,Hilda,Hilda Rivaland,487,,487,487,487,02:10 AM
488,488,Obadias,Obadias Jerzycowski,488,,488,488,488,06:39 PM
489,489,Magdalene,Magdalene Tiesman,489,,489,489,489,08:31 PM
490,490,Tanny,Tanny Casham,490,,490,490,490,09:04 AM
491,491,Bailey,Bailey McLemon,491,,491,491,491,08:23 AM
492,492,Theressa,Theressa Mougel,492,,492,492,492,06:11 AM
493,493,Yankee,Yankee Juanes,493,,493,493,493,05:53 AM
494,494,Sydney,Sydney Alcoran,494,,494,494,494,10:19 PM
495,495,Elisa,Elisa Gemnett,495,,495,495,495,12:28 AM
496,496,Jacques,Jacques Lound,496,,496,496,496,12:57 AM
497,497,Amandy,Amandy Dudek,497,,497,497,497,01:28 AM
498,498,Olag,Olag Chisholm,498,,498,498,498,12:31 PM
499,499,Eba,Eba Conachie,499,,499,499,499,05:24 AM
500,500,Theda,Theda Springthorp,500,,500,500,500,11:10 PM
501,501,Kristopher,Kristopher Farnill,501,,501,501,501,09:04 PM
502,502,Martie,Martie Ivanenkov,502,,502,502,502,05:29 PM
503,503,Brier,Brier Lezemore,503,,503,503,503,07:39 AM
504,504,Crissie,Crissie Fordham,504,,504,504,504,10:47 PM
505,505,Jakob,Jakob Giuroni,505,,505,505,505,09:30 PM
506,506,Odella,Odella Whistan,506,,506,506,506,07:59 PM
507,507,Connie,Connie Laister,507,,507,507,507,10:15 PM
508,508,Thedrick,Thedrick Raoux,508,,508,508,508,02:33 PM
509,509,Addison,Addison Gilderoy,509,,509,509,509,12:00 PM
510,510,Tatiana,Tatiana Wisniowski,510,,510,510,510,03:25 AM
511,511,Garvy,Garvy Brockbank,511,,511,511,511,07:21 AM
512,512,Mohandis,Mohandis Epelett,512,,512,512,512,09:20 AM
513,513,Sven,Sven McParlin,513,,513,513,513,08:54 PM
514,514,Kylie,Kylie Sainsberry,514,,514,514,514,10:28 PM
515,515,Deck,Deck O'Cahill,515,,515,515,515,05:07 AM
516,516,Melly,Melly Pauley,516,,516,516,516,11:44 PM
517,517,Joe,Joe Wardlaw,517,,517,517,517,01:32 PM
518,518,Gayel,Gayel Wissbey,518,,518,518,518,12:48 AM
519,519,Candis,Candis Dukes,519,,519,519,519,10:29 AM
520,520,Brina,Brina Maunsell,520,,520,520,520,05:39 AM
521,521,Adrianne,Adrianne Izon,521,,521,521,521,06:17 PM
522,522,Boyd,Boyd Vasilechko,522,,522,522,522,06:19 PM
523,523,Karlan,Karlan Durtnall,523,,523,523,523,09:38 AM
524,524,Tobias,Tobias Gareisr,524,,524,524,524,03:39 PM
525,525,Gizela,Gizela Vyvyan,525,,525,525,525,02:13 PM
526,526,Mal,Mal Di Antonio,526,,526,526,526,11:26 PM
527,527,Randa,Randa Nolot,527,,527,527,527,08:48 PM
528,528,Sella,Sella Cotty,528,,528,528,528,01:22 PM
529,529,Theodor,Theodor Petcher,529,,529,529,529,12:30 PM
530,530,Kaylee,Kaylee Drury,530,,530,530,530,03:17 AM
531,531,Rafi,Rafi Dyhouse,531,,531,531,531,11:18 PM
532,532,Teador,Teador Pozzi,532,,532,532,532,10:39 AM
533,533,Thadeus,Thadeus Affleck,533,,533,533,533,01:17 AM
534,534,Corbet,Corbet Wakefield,534,,534,534,534,01:00 PM
535,535,Kristy,Kristy Suttie,535,,535,535,535,08:43 PM
536,536,Ree,Ree Kik,536,,536,536,536,12:44 AM
537,537,Taber,Taber Knill,537,,537,537,537,02:55 PM
538,538,Dona,Dona Taks,538,,538,538,538,03:51 PM
539,539,Berne,Berne Boneham,539,,539,539,539,01:35 AM
540,540,Andromache,Andromache Gearty,540,,540,540,540,11:46 AM
541,541,Bonni,Bonni Robak,541,,541,541,541,08:07 PM
542,542,Nertie,Nertie Braden,542,,542,542,542,03:32 AM
543,543,Jonell,Jonell Harvard,543,,543,543,543,09:17 PM
544,544,Feodor,Feodor Weekly,544,,544,544,544,05:44 AM
545,545,Willa,Willa Vedyaev,545,,545,545,545,01:16 PM
546,546,Chery,Chery Morgans,546,,546,546,546,07:56 AM
547,547,Lizbeth,Lizbeth Werner,547,,547,547,547,05:27 PM
548,548,Chane,Chane Steele,548,,548,548,548,09:41 PM
549,549,Barnaby,Barnaby Riediger,549,,549,549,549,07:28 PM
550,550,Rochell,Rochell Worman,550,,550,550,550,05:13 AM
551,551,Eugene,Eugene Silman,551,,551,551,551,07:36 PM
552,552,Seana,Seana Guerin,552,,552,552,552,02:01 AM
553,553,Samson,Samson Coslitt,553,,553,553,553,09:51 PM
554,554,Chloris,Chloris Danelut,554,,554,554,554,12:47 AM
555,555,Brandy,Brandy Ayscough,555,,555,555,555,08:21 AM
556,556,Ardelis,Ardelis Iacovozzo,556,,556,556,556,01:27 AM
557,557,Garrick,Garrick Cruddace,557,,557,557,557,12:31 PM
558,558,Ed,Ed Walshe,558,,558,558,558,02:37 AM
559,559,Laural,Laural Froud,559,,559,559,559,07:02 PM
560,560,Ynes,Ynes Offiler,560,,560,560,560,08:30 PM
561,561,Robers,Robers Bousler,561,,561,561,561,10:07 AM
562,562,Lyndsay,Lyndsay Warlowe,562,,562,562,562,06:47 AM
563,563,Averell,Averell Leggatt,563,,563,563,563,09:06 PM
564,564,Nero,Nero Lante,564,,564,564,564,07:13 AM
565,565,Olivie,Olivie McGilbon,565,,565,565,565,09:01 PM
566,566,Giacopo,Giacopo Olphert,566,,566,566,566,08:40 PM
567,567,Jan,Jan Edelheid,567,,567,567,567,04:11 PM
568,568,Kerri,Kerri Syce,568,,568,568,568,10:34 AM
569,569,Crista,Crista Shead,569,,569,569,569,05:55 AM
570,570,Emmanuel,Emmanuel Prozescky,570,,570,570,570,01:57 AM
571,571,Quinton,Quinton Churching,571,,571,571,571,08:36 AM
572,572,Franz,Franz Garham,572,,572,572,572,02:59 AM
573,573,Brena,Brena Ramirez,573,,573,573,573,08:43 PM
574,574,Dalt,Dalt Petru,574,,574,574,574,06:42 PM
575,575,Hadrian,Hadrian Flewett,575,,575,575,575,08:20 PM
576,576,Pierette,Pierette Thackham,576,,576,576,576,06:52 AM
577,577,Dulcea,Dulcea Brolan,577,,577,577,577,06:02 PM
578,578,Karlen,Karlen Tuckwell,578,,578,578,578,05:02 PM
579,579,Sayre,Sayre Kohlerman,579,,579,579,579,01:39 PM
580,580,Wallas,Wallas Fidgin,580,,580,580,580,09:54 AM
581,581,Averil,Averil Roskruge,581,,581,581,581,10:52 AM
582,582,Davine,Davine Josiah,582,,582,582,582,07:22 PM
583,583,Tobie,Tobie Copley,583,,583,583,583,07:40 PM
584,584,Brander,Brander Kittel,584,,584,584,584,06:40 AM
585,585,Guntar,Guntar Born,585,,585,585,585,11:30 PM
586,586,Frankie,Frankie Lewson,586,,586,586,586,08:08 PM
587,587,Sigismund,Sigismund Attkins,587,,587,587,587,01:18 PM
588,588,Lanette,Lanette McClosh,588,,588,588,588,09:21 PM
589,589,Ernst,Ernst Bolwell,589,,589,589,589,12:10 PM
590,590,Georgianna,Georgianna Pickavant,590,,590,590,590,03:56 AM
591,591,Jaime,Jaime Eagleston,591,,591,591,591,09:00 AM
592,592,Alexia,Alexia Heatherington,592,,592,592,592,07:31 PM
593,593,Randolf,Randolf O'Dwyer,593,,593,593,593,06:48 PM
594,594,Norene,Norene Waylett,594,,594,594,594,05:26 PM
595,595,Noam,Noam Stienham,595,,595,595,595,03:57 AM
596,596,Ketti,Ketti Dockreay,596,,596,596,596,07:36 AM
597,597,Idette,Idette Bartolomeu,597,,597,597,597,09:59 PM
598,598,Brandyn,Brandyn McPeeters,598,,598,598,598,07:37 PM
599,599,Verine,Verine Knight,599,,599,599,599,09:13 PM
600,600,Jamima,Jamima Schusterl,600,,600,600,600,01:56 AM
601,601,Miner,Miner Horsfield,601,,601,601,601,05:49 PM
602,602,Konstantin,Konstantin Ashburner,602,,602,602,602,05:35 AM
603,603,Chandra,Chandra Apedaile,603,,603,603,603,03:34 PM
604,604,Monro,Monro Howsin,604,,604,604,604,03:53 PM
605,605,Henryetta,Henryetta Anelay,605,,605,605,605,04:31 PM
606,606,Bobbie,Bobbie Frizzell,606,,606,606,606,07:52 AM
607,607,Johnna,Johnna Bygott,607,,607,607,607,04:34 AM
608,608,Jilly,Jilly Eadington,608,,608,608,608,10:38 AM
609,609,Kinnie,Kinnie Grayer,609,,609,609,609,11:17 AM
610,610,Tabbie,Tabbie Otteridge,610,,610,610,610,09:33 PM
611,611,Ethelyn,Ethelyn Vasyukhnov,611,,611,611,611,09:58 PM
612,612,Charley,Charley Belliveau,612,,612,612,612,01:07 PM
613,613,Hube,Hube Deakes,613,,613,613,613,09:30 PM
614,614,Samuel,Samuel Ainsby,614,,614,614,614,10:37 AM
615,615,Hermione,Hermione McRuvie,615,,615,615,615,08:44 AM
616,616,Wenona,Wenona McMeekin,616,,616,616,616,06:57 PM
617,617,Sigvard,Sigvard Christophers,617,,617,617,617,06:31 AM
618,618,Darby,Darby Edmeads,618,,618,618,618,06:01 PM
619,619,Lissi,Lissi Ionn,619,,619,619,619,03:56 PM
620,620,Sena,Sena Johnys,620,,620,620,620,03:41 PM
621,621,Alecia,Alecia Lyttle,621,,621,621,621,12:38 AM
622,622,Joannes,Joannes Buzine,622,,622,622,622,01:32 AM
623,623,Terrijo,Terrijo O'Heagertie,623,,623,623,623,01:26 PM
624,624,Vincents,Vincents Ballinghall,624,,624,624,624,01:10 PM
625,625,Thurston,Thurston Mattinson,625,,625,625,625,01:31 AM
626,626,Walden,Walden Gunther,626,,626,626,626,11:37 PM
627,627,Josie,Josie Lartice,627,,627,627,627,05:31 PM
628,628,Heidie,Heidie Riggey,628,,628,628,628,12:29 PM
629,629,Alma,Alma McQueen,629,,629,629,629,08:11 AM
630,630,Charlena,Charlena Crutchfield,630,,630,630,630,12:59 AM
631,631,Crissie,Crissie Andrieu,631,,631,631,631,08:33 AM
632,632,Hastings,Hastings Cryer,632,,632,632,632,11:23 AM
633,633,Ruthann,Ruthann Josselsohn,633,,633,633,633,02:16 AM
634,634,Brook,Brook Eubank,634,,634,634,634,08:53 AM
635,635,Laurel,Laurel Calvard,635,,635,635,635,09:51 PM
636,636,Appolonia,Appolonia Kenneford,636,,636,636,636,01:48 PM
637,637,Russ,Russ Souten,637,,637,637,637,04:02 AM
638,638,Angel,Angel Gethings,638,,638,638,638,01:18 PM
639,639,Lou,Lou Maryott,639,,639,639,639,05:53 PM
640,640,Georgie,Georgie Lansdowne,640,,640,640,640,04:56 AM
641,641,Gwenni,Gwenni Trank,641,,641,641,641,02:32 AM
642,642,Doy,Doy Corser,642,,642,642,642,09:01 PM
643,643,Eolanda,Eolanda Ropkins,643,,643,643,643,06:48 AM
644,644,Elmira,Elmira Copplestone,644,,644,644,644,09:01 PM
645,645,Giralda,Giralda Deal,645,,645,645,645,03:14 AM
646,646,Bruce,Bruce Hutchin,646,,646,646,646,05:18 AM
647,647,Clevey,Clevey Landeg,647,,647,647,647,12:13 PM
648,648,Shalne,Shalne Gorriessen,648,,648,648,648,07:48 PM
649,649,Loralyn,Loralyn Hegge,649,,649,649,649,02:22 PM
650,650,Neysa,Neysa Grennan,650,,650,650,650,07:06 AM
651,651,Karena,Karena Vasenkov,651,,651,651,651,03:11 AM
652,652,Washington,Washington Grennan,652,,652,652,652,08:51 AM
653,653,Lida,Lida Podd,653,,653,653,653,04:20 PM
654,654,Boote,Boote Ditch,654,,654,654,654,06:58 AM
655,655,Roselle,Roselle Stickney,655,,655,655,655,08:51 AM
656,656,Windy,Windy Tomczykowski,656,,656,656,656,08:30 AM
657,657,Tito,Tito O'Keeffe,657,,657,657,657,06:29 PM
658,658,Michael,Michael Covely,658,,658,658,658,04:12 AM
659,659,Maure,Maure Retallick,659,,659,659,659,09:34 PM
660,660,Aloysius,Aloysius Duplain,660,,660,660,660,10:52 AM
661,661,Kerrie,Kerrie Alessandone,661,,661,661,661,12:55 AM
662,662,Jaynell,Jaynell Curreen,662,,662,662,662,06:55 AM
663,663,Antonina,Antonina Nusche,663,,663,663,663,05:06 PM
664,664,Wallie,Wallie Chesnut,664,,664,664,664,09:49 AM
665,665,Eartha,Eartha Oxshott,665,,665,665,665,02:47 PM
666,666,Lindsey,Lindsey Biernacki,666,,666,666,666,10:42 PM
667,667,Herschel,Herschel Jenken,667,,667,667,667,02:51 AM
668,668,Donavon,Donavon Cadore,668,,668,668,668,02:52 PM
669,669,Eugenius,Eugenius Work,669,,669,669,669,09:22 AM
670,670,Sayers,Sayers Wankel,670,,670,670,670,03:34 PM
671,671,Marquita,Marquita Palffrey,671,,671,671,671,09:08 PM
672,672,Vanny,Vanny Fawloe,672,,672,672,672,01:55 AM
673,673,Shena,Shena Osburn,673,,673,673,673,06:12 PM
674,674,Francis,Francis Amiranda,674,,674,674,674,08:34 PM
675,675,Gretel,Gretel Olechnowicz,675,,675,675,675,07:12 PM
676,676,Aldwin,Aldwin Lacroutz,676,,676,676,676,01:26 AM
677,677,Scotty,Scotty Davidge,677,,677,677,677,04:41 PM
678,678,Lynett,Lynett Tallon,678,,678,678,678,03:41 AM
679,679,Bobbie,Bobbie Farlambe,679,,679,679,679,08:19 AM
680,680,Pernell,Pernell Saffer,680,,680,680,680,02:15 PM
681,681,Margarete,Margarete Orys,681,,681,681,681,07:13 AM
682,682,Micheil,Micheil Kerkham,682,,682,682,682,03:24 PM
683,683,Pennie,Pennie Stot,683,,683,683,683,07:58 AM
684,684,Hazlett,Hazlett Hambric,684,,684,684,684,09:10 PM
685,685,Tarah,Tarah Rastall,685,,685,685,685,02:50 PM
686,686,Lindie,Lindie Spadazzi,686,,686,686,686,09:57 PM
687,687,Giles,Giles Newdick,687,,687,687,687,05:04 AM
688,688,Constantine,Constantine Artiss,688,,688,688,688,12:29 AM
689,689,Darin,Darin La Rosa,689,,689,689,689,07:58 PM
690,690,Rickie,Rickie Shavel,690,,690,690,690,04:57 PM
691,691,Flossie,Flossie Kief,691,,691,691,691,10:49 PM
692,692,Tersina,Tersina Such,692,,692,692,692,11:28 AM
693,693,Julie,Julie Janacek,693,,693,693,693,01:26 AM
694,694,Shanie,Shanie Stert,694,,694,694,694,03:37 AM
695,695,Cissiee,Cissiee Ronayne,695,,695,695,695,10:42 AM
696,696,Ronny,Ronny Netting,696,,696,696,696,06:52 AM
697,697,Raff,Raff Baudains,697,,697,697,697,06:06 PM
698,698,Esdras,Esdras Giddings,698,,698,698,698,03:24 PM
699,699,Lind,Lind McTaggart,699,,699,699,699,06:20 PM
700,700,Terrence,Terrence Boobier,700,,700,700,700,12:00 AM
701,701,Artus,Artus Benko,701,,701,701,701,02:44 PM
702,702,Cariotta,Cariotta Chessil,702,,702,702,702,10:12 PM
703,703,Catherina,Catherina Hazley,703,,703,703,703,05:39 AM
704,704,Dell,Dell Burkhill,704,,704,704,704,03:09 PM
705,705,Wanids,Wanids Ricco,705,,705,705,705,08:57 PM
706,706,Marcellus,Marcellus Hiseman,706,,706,706,706,05:45 AM
707,707,Alleyn,Alleyn Jearum,707,,707,707,707,09:28 PM
708,708,Otes,Otes Van Ross,708,,708,708,708,06:08 PM
709,709,Maighdiln,Maighdiln McGown,709,,709,709,709,12:01 AM
710,710,Nathanial,Nathanial Shergill,710,,710,710,710,02:56 AM
711,711,Reina,Reina Harses,711,,711,711,711,08:33 AM
712,712,Kirk,Kirk Ziemsen,712,,712,712,712,12:52 AM
713,713,Alyss,Alyss McTrustram,713,,713,713,713,07:53 PM
714,714,Trueman,Trueman Sacase,714,,714,714,714,09:13 PM
715,715,Tabb,Tabb Knill,715,,715,715,715,09:20 AM
716,716,Avictor,Avictor Bagnold,716,,716,716,716,08:21 PM
717,717,Roxanna,Roxanna Lindeberg,717,,717,717,717,10:47 AM
718,718,Hadrian,Hadrian Harwick,718,,718,718,718,11:27 PM
719,719,Lorilee,Lorilee Medina,719,,719,719,719,04:06 AM
720,720,Clemens,Clemens Malacrida,720,,720,720,720,05:28 AM
721,721,Kayley,Kayley Load,721,,721,721,721,07:00 PM
722,722,Fletch,Fletch Chippin,722,,722,722,722,12:19 PM
723,723,Genevra,Genevra Ormston,723,,723,723,723,03:54 PM
724,724,Kristy,Kristy Dumper,724,,724,724,724,02:12 AM
725,725,Meriel,Meriel Sharphouse,725,,725,725,725,08:10 AM
726,726,Liz,Liz Chittie,726,,726,726,726,06:37 AM
727,727,Robenia,Robenia Luberto,727,,727,727,727,04:06 PM
728,728,Ellsworth,Ellsworth Lindenboim,728,,728,728,728,06:44 AM
729,729,Leigh,Leigh Chancelier,729,,729,729,729,05:38 PM
730,730,Virginia,Virginia Mountjoy,730,,730,730,730,06:00 AM
731,731,Alfreda,Alfreda Pedracci,731,,731,731,731,11:33 PM
732,732,Elane,Elane Orme,732,,732,732,732,05:08 PM
733,733,Kristian,Kristian Siggs,733,,733,733,733,05:25 AM
734,734,Maximilien,Maximilien Olivari,734,,734,734,734,03:41 AM
735,735,Isaiah,Isaiah Jann,735,,735,735,735,09:49 PM
736,736,Hannah,Hannah Setterington,736,,736,736,736,07:16 AM
737,737,Paul,Paul Bryett,737,,737,737,737,06:53 AM
738,738,Deana,Deana Upton,738,,738,738,738,05:14 AM
739,739,Lurette,Lurette Shelly,739,,739,739,739,12:05 PM
740,740,Jerrome,Jerrome Gater,740,,740,740,740,08:24 PM
741,741,Nickey,Nickey Garie,741,,741,741,741,02:12 PM
742,742,Sophi,Sophi Gollin,742,,742,742,742,04:37 PM
743,743,Aaron,Aaron Grastye,743,,743,743,743,05:35 AM
744,744,Padriac,Padriac O' Neligan,744,,744,744,744,03:19 PM
745,745,Corine,Corine Driutti,745,,745,745,745,09:34 PM
746,746,Gloriane,Gloriane Divisek,746,,746,746,746,02:57 PM
747,747,Georgiana,Georgiana Coyle,747,,747,747,747,07:56 PM
748,748,Mariellen,Mariellen Dennett,748,,748,748,748,07:04 PM
749,749,Demetri,Demetri Ragge,749,,749,749,749,12:27 AM
750,750,Omero,Omero Licence,750,,750,750,750,06:27 PM
751,751,Clywd,Clywd Jancy,751,,751,751,751,02:44 PM
752,752,Floyd,Floyd Kohrt,752,,752,752,752,01:35 AM
753,753,Ed,Ed Pigden,753,,753,753,753,09:00 AM
754,754,Tiphany,Tiphany Symmers,754,,754,754,754,09:57 AM
755,755,Catharine,Catharine Lochhead,755,,755,755,755,12:09 AM
756,756,Erin,Erin Sheather,756,,756,756,756,10:26 PM
757,757,Pedro,Pedro Sambidge,757,,757,757,757,05:03 PM
758,758,Roxanne,Roxanne Oertzen,758,,758,758,758,08:55 AM
759,759,Pierre,Pierre De Pero,759,,759,759,759,06:36 PM
760,760,Darby,Darby Adriaens,760,,760,760,760,08:02 AM
761,761,Bret,Bret Furbank,761,,761,761,761,06:41 PM
762,762,Juana,Juana Cranmere,762,,762,762,762,02:33 PM
763,763,Heidi,Heidi Flea,763,,763,763,763,01:40 PM
764,764,Ettie,Ettie Yelyashev,764,,764,764,764,04:09 AM
765,765,Beverlee,Beverlee Brownbridge,765,,765,765,765,05:33 PM
766,766,Christy,Christy Leek,766,,766,766,766,02:25 PM
767,767,Fredek,Fredek Hunnawill,767,,767,767,767,04:10 AM
768,768,Rebekah,Rebekah Fidgin,768,,768,768,768,03:53 PM
769,769,Giralda,Giralda Gossage,769,,769,769,769,10:31 AM
770,770,Cindie,Cindie Dennitts,770,,770,770,770,02:53 PM
771,771,Teresa,Teresa Jarad,771,,771,771,771,11:51 AM
772,772,Stanleigh,Stanleigh Fidock,772,,772,772,772,04:11 PM
773,773,Lynnet,Lynnet Rawlin,773,,773,773,773,05:18 PM
774,774,Rosco,Rosco Guirardin,774,,774,774,774,10:28 AM
775,775,Ike,Ike Stiant,775,,775,775,775,05:25 PM
776,776,Taddeo,Taddeo Rappaport,776,,776,776,776,08:34 PM
777,777,Farr,Farr Arnolds,777,,777,777,777,01:26 PM
778,778,Payton,Payton Breem,778,,778,778,778,01:26 PM
779,779,Katrina,Katrina Labrom,779,,779,779,779,11:58 AM
780,780,Celine,Celine Alexsandrov,780,,780,780,780,10:47 AM
781,781,Olag,Olag Izzatt,781,,781,781,781,11:03 AM
782,782,Cordy,Cordy Caveill,782,,782,782,782,08:32 PM
783,783,Lazare,Lazare Conry,783,,783,783,783,04:16 PM
784,784,Friedrich,Friedrich Saye,784,,784,784,784,11:57 AM
785,785,Khalil,Khalil Dillimore,785,,785,785,785,02:35 PM
786,786,Rachele,Rachele Grima,786,,786,786,786,01:33 PM
787,787,Horatia,Horatia Christescu,787,,787,787,787,04:32 AM
788,788,Juliette,Juliette Turk,788,,788,788,788,10:10 PM
789,789,Vincents,Vincents Mcwhinnie,789,,789,789,789,10:44 AM
790,790,Jayme,Jayme Clogg,790,,790,790,790,05:22 AM
791,791,Luigi,Luigi Edds,791,,791,791,791,04:47 PM
792,792,Gherardo,Gherardo Doull,792,,792,792,792,02:03 PM
793,793,Arabelle,Arabelle Santon,793,,793,793,793,02:25 PM
794,794,Bernard,Bernard Goymer,794,,794,794,794,02:41 AM
795,795,Howard,Howard Westberg,795,,795,795,795,06:18 PM
796,796,Amye,Amye Bradfield,796,,796,796,796,07:58 PM
797,797,Corey,Corey Germaine,797,,797,797,797,10:54 AM
798,798,Jack,Jack Burnard,798,,798,798,798,11:12 AM
799,799,Thayne,Thayne Perview,799,,799,799,799,02:00 AM
800,800,Othella,Othella Fulle,800,,800,800,800,01:06 AM
801,801,Brandi,Brandi Broadberry,801,,801,801,801,11:21 PM
802,802,Park,Park Smieton,802,,802,802,802,10:00 AM
803,803,Kristine,Kristine Cleverly,803,,803,803,803,09:09 PM
804,804,Scotty,Scotty Shivlin,804,,804,804,804,11:33 AM
805,805,Theresita,Theresita Keetley,805,,805,805,805,06:23 AM
806,806,Karly,Karly D'Ambrogi,806,,806,806,806,03:25 PM
807,807,Harmony,Harmony Kneller,807,,807,807,807,04:19 PM
808,808,Parrnell,Parrnell Hirche,808,,808,808,808,06:59 PM
809,809,Halsy,Halsy Felten,809,,809,809,809,06:55 PM
810,810,Lock,Lock Espinazo,810,,810,810,810,01:03 PM
811,811,Gwendolin,Gwendolin Spieght,811,,811,811,811,10:10 AM
812,812,Normand,Normand Hillan,812,,812,812,812,02:55 AM
813,813,Elyn,Elyn Queyeiro,813,,813,813,813,02:01 AM
814,814,Dynah,Dynah Miere,814,,814,814,814,01:41 AM
815,815,Klarika,Klarika Lamp,815,,815,815,815,09:22 AM
816,816,Maryanna,Maryanna Everex,816,,816,816,816,11:39 PM
817,817,Valentijn,Valentijn Baines,817,,817,817,817,03:55 AM
818,818,Jozef,Jozef Jellett,818,,818,818,818,06:48 AM
819,819,Lulu,Lulu Osmund,819,,819,819,819,09:25 PM
820,820,Annaliese,Annaliese Jeste,820,,820,820,820,09:51 AM
821,821,Daron,Daron Brimson,821,,821,821,821,06:49 PM
822,822,Dorrie,Dorrie McCoole,822,,822,822,822,05:13 PM
823,823,Ciro,Ciro Grassin,823,,823,823,823,08:14 AM
824,824,Brandy,Brandy Falconer-Taylor,824,,824,824,824,12:27 AM
825,825,Chane,Chane Outram,825,,825,825,825,04:53 PM
826,826,Hope,Hope Eglin,826,,826,826,826,02:44 AM
827,827,Farley,Farley Samwayes,827,,827,827,827,12:50 PM
828,828,Darill,Darill Tamburi,828,,828,828,828,07:55 PM
829,829,Steffen,Steffen Mucklestone,829,,829,829,829,09:09 PM
830,830,Georgy,Georgy Moules,830,,830,830,830,06:18 AM
831,831,Tadeas,Tadeas McGarrie,831,,831,831,831,11:20 PM
832,832,Juliet,Juliet Leather,832,,832,832,832,03:29 AM
833,833,Mellisa,Mellisa Vivian,833,,833,833,833,03:30 PM
834,834,Casey,Casey Pettet,834,,834,834,834,05:53 AM
835,835,Ignacio,Ignacio Considine,835,,835,835,835,05:44 AM
836,836,Chicky,Chicky O'Dempsey,836,,836,836,836,05:48 AM
837,837,Ode,Ode McMonies,837,,837,837,837,07:02 PM
838,838,Major,Major Lannin,838,,838,838,838,07:20 AM
839,839,Marius,Marius Jedrzejczak,839,,839,839,839,11:56 AM
840,840,Scott,Scott Riche,840,,840,840,840,10:04 AM
841,841,Norbert,Norbert Southeran,841,,841,841,841,04:20 PM
842,842,Euphemia,Euphemia Hornung,842,,842,842,842,05:41 AM
843,843,Denna,Denna Armistead,843,,843,843,843,03:23 PM
844,844,Kristoffer,Kristoffer Feetham,844,,844,844,844,04:56 AM
845,845,Reine,Reine Wegman,845,,845,845,845,12:10 PM
846,846,Tybalt,Tybalt Pothbury,846,,846,846,846,05:57 AM
847,847,Suellen,Suellen Brewse,847,,847,847,847,04:05 PM
848,848,Shirley,Shirley McGuffog,848,,848,848,848,01:13 AM
849,849,Crista,Crista Chadderton,849,,849,849,849,10:24 PM
850,850,Ives,Ives MacFadzean,850,,850,850,850,02:29 AM
851,851,Aldis,Aldis Dunbar,851,,851,851,851,04:37 AM
852,852,Gnni,Gnni Simonazzi,852,,852,852,852,05:24 PM
853,853,Cal,Cal Berkery,853,,853,853,853,06:01 AM
854,854,Myrilla,Myrilla Aaronson,854,,854,854,854,03:36 PM
855,855,Brook,Brook Lownsbrough,855,,855,855,855,01:53 PM
856,856,Hettie,Hettie Francois,856,,856,856,856,07:05 AM
857,857,Siward,Siward Meffan,857,,857,857,857,07:30 AM
858,858,Donnie,Donnie Clegg,858,,858,858,858,10:48 PM
859,859,Gan,Gan Grzelewski,859,,859,859,859,08:44 PM
860,860,Gail,Gail Gebhardt,860,,860,860,860,02:21 PM
861,861,Georges,Georges Reef,861,,861,861,861,11:17 PM
862,862,Alene,Alene Dauncey,862,,862,862,862,02:56 AM
863,863,Dare,Dare Rennles,863,,863,863,863,11:48 AM
864,864,Doug,Doug Gibby,864,,864,864,864,12:11 AM
865,865,Shalne,Shalne Fancutt,865,,865,865,865,12:17 PM
866,866,Wadsworth,Wadsworth Cotman,866,,866,866,866,03:45 AM
867,867,Magnum,Magnum Couch,867,,867,867,867,05:43 PM
868,868,Bambi,Bambi MacChaell,868,,868,868,868,03:25 AM
869,869,Sinclair,Sinclair Isacq,869,,869,869,869,03:06 PM
870,870,Vickie,Vickie Mullin,870,,870,870,870,10:35 PM
871,871,Dickie,Dickie Benois,871,,871,871,871,12:51 AM
872,872,Bunnie,Bunnie Kops,872,,872,872,872,08:41 PM
873,873,Granger,Granger Dounbare,873,,873,873,873,02:54 PM
874,874,Ines,Ines Justun,874,,874,874,874,09:36 AM
875,875,Mufinella,Mufinella St. Leger,875,,875,875,875,10:49 PM
876,876,Starlene,Starlene Prestage,876,,876,876,876,09:57 AM
877,877,Zuzana,Zuzana Siemianowicz,877,,877,877,877,07:21 PM
878,878,Riobard,Riobard Tilby,878,,878,878,878,05:52 PM
879,879,Melvin,Melvin Whittles,879,,879,879,879,11:18 AM
880,880,Lynnell,Lynnell Barratt,880,,880,880,880,12:00 AM
881,881,Barrie,Barrie Elleyne,881,,881,881,881,08:17 PM
882,882,Georgi,Georgi Kenright,882,,882,882,882,07:42 PM
883,883,Regen,Regen Labden,883,,883,883,883,10:26 PM
884,884,Edi,Edi Dunbleton,884,,884,884,884,05:56 AM
885,885,Richmond,Richmond Lote,885,,885,885,885,02:02 PM
886,886,Sindee,Sindee Boorer,886,,886,886,886,07:36 AM
887,887,Esra,Esra Swadling,887,,887,887,887,12:23 PM
888,888,Erhart,Erhart Robotham,888,,888,888,888,10:18 PM
889,889,Ruthy,Ruthy Warner,889,,889,889,889,02:51 AM
890,890,Marjie,Marjie Spurrior,890,,890,890,890,05:50 AM
891,891,Rafaello,Rafaello Mattityahou,891,,891,891,891,08:22 PM
892,892,Kattie,Kattie Widdicombe,892,,892,892,892,08:31 PM
893,893,Darryl,Darryl Dracey,893,,893,893,893,11:01 AM
894,894,Melonie,Melonie Bence,894,,894,894,894,02:44 PM
895,895,Leontine,Leontine McClosh,895,,895,895,895,01:30 PM
896,896,Obie,Obie Dulson,896,,896,896,896,02:45 AM
897,897,Dimitri,Dimitri Olcot,897,,897,897,897,10:22 AM
898,898,Peirce,Peirce Mullins,898,,898,898,898,08:15 AM
899,899,Kerstin,Kerstin Loughead,899,,899,899,899,09:05 PM
900,900,Aloysia,Aloysia Strathern,900,,900,900,900,06:18 AM
901,901,Tiffani,Tiffani Kornes,901,,901,901,901,11:51 PM
902,902,Raoul,Raoul Bearblock,902,,902,902,902,02:34 PM
903,903,Camilla,Camilla Wrathmall,903,,903,903,903,02:58 AM
904,904,Kriste,Kriste Duck,904,,904,904,904,04:34 AM
905,905,Antonietta,Antonietta Seale,905,,905,905,905,03:47 PM
906,906,Brit,Brit Garard,906,,906,906,906,02:32 AM
907,907,Marin,Marin Pawelski,907,,907,907,907,10:57 PM
908,908,Lothario,Lothario Leeves,908,,908,908,908,02:04 PM
909,909,Clayton,Clayton Scrange,909,,909,909,909,11:34 AM
910,910,Iolanthe,Iolanthe Kiernan,910,,910,910,910,01:48 PM
911,911,Albrecht,Albrecht Deverick,911,,911,911,911,10:56 AM
912,912,Whitaker,Whitaker Ashling,912,,912,912,912,01:48 PM
913,913,Godfree,Godfree Nuccii,913,,913,913,913,03:09 AM
914,914,Ryley,Ryley Chalker,914,,914,914,914,08:01 PM
915,915,Cecilia,Cecilia Casaroli,915,,915,915,915,04:35 PM
916,916,Adolphus,Adolphus Pembridge,916,,916,916,916,01:00 AM
917,917,Monica,Monica Connett,917,,917,917,917,03:50 AM
918,918,Rozalin,Rozalin Bellham,918,,918,918,918,09:53 AM
919,919,Petrina,Petrina Goscomb,919,,919,919,919,10:59 AM
920,920,Tod,Tod Phelan,920,,920,920,920,06:29 PM
921,921,Gilbert,Gilbert Golston,921,,921,921,921,03:28 PM
922,922,Lennard,Lennard Cottam,922,,922,922,922,02:50 PM
923,923,Sadye,Sadye O'Monahan,923,,923,923,923,11:37 AM
924,924,Maire,Maire Stovold,924,,924,924,924,02:32 PM
925,925,Arney,Arney Eplett,925,,925,925,925,02:42 AM
926,926,Hank,Hank Witherup,926,,926,926,926,08:52 AM
927,927,Whitney,Whitney Shiels,927,,927,927,927,10:56 AM
928,928,Tonie,Tonie Mival,928,,928,928,928,08:31 AM
929,929,Gregoire,Gregoire Goodfellowe,929,,929,929,929,06:58 PM
930,930,Guinna,Guinna McNiven,930,,930,930,930,12:46 AM
931,931,Gaby,Gaby Stayte,931,,931,931,931,01:42 AM
932,932,Lacee,Lacee Kleiser,932,,932,932,932,02:03 PM
933,933,Clem,Clem Eastwood,933,,933,933,933,05:04 AM
934,934,Enrica,Enrica Tybalt,934,,934,934,934,08:31 AM
935,935,Glenda,Glenda Desorts,935,,935,935,935,02:13 AM
936,936,Gordie,Gordie Fooks,936,,936,936,936,03:28 AM
937,937,Gabie,Gabie Walwood,937,,937,937,937,07:00 PM
938,938,Corbet,Corbet Folbig,938,,938,938,938,06:22 PM
939,939,Charlot,Charlot Jobb,939,,939,939,939,03:06 AM
940,940,Tamara,Tamara McIlmorie,940,,940,940,940,02:41 PM
941,941,Juana,Juana Ketchen,941,,941,941,941,11:53 PM
942,942,Adelaida,Adelaida Klimentyonok,942,,942,942,942,12:42 AM
943,943,Brit,Brit Seabridge,943,,943,943,943,03:00 PM
944,944,Edgardo,Edgardo Kleinbaum,944,,944,944,944,08:42 AM
945,945,Fanchette,Fanchette Bortolotti,945,,945,945,945,07:38 AM
946,946,Keary,Keary O'Scanlon,946,,946,946,946,12:18 AM
947,947,Johnath,Johnath Obee,947,,947,947,947,10:58 AM
948,948,Isidore,Isidore Stonier,948,,948,948,948,07:58 PM
949,949,Celesta,Celesta Rickert,949,,949,949,949,04:09 PM
950,950,Hobie,Hobie Picken,950,,950,950,950,01:26 PM
951,951,Townie,Townie Toquet,951,,951,951,951,01:14 PM
952,952,Paquito,Paquito Musso,952,,952,952,952,12:05 AM
953,953,Donella,Donella Gudde,953,,953,953,953,08:09 AM
954,954,Rabbi,Rabbi Pitkethly,954,,954,954,954,11:01 PM
955,955,Ives,Ives Debling,955,,955,955,955,08:01 AM
956,956,Clovis,Clovis Teulier,956,,956,956,956,12:09 PM
957,957,Allayne,Allayne Colebrook,957,,957,957,957,07:41 PM
958,958,Paloma,Paloma Shrigley,958,,958,958,958,06:49 AM
959,959,Zena,Zena Batalini,959,,959,959,959,11:30 PM
960,960,Elston,Elston Zammitt,960,,960,960,960,01:32 AM
961,961,Cherida,Cherida Espinoza,961,,961,961,961,01:38 PM
962,962,Mabel,Mabel Tuxsell,962,,962,962,962,07:49 AM
963,963,Pace,Pace Foster-Smith,963,,963,963,963,10:54 PM
964,964,Peta,Peta Burnside,964,,964,964,964,09:36 PM
965,965,Lilla,Lilla Feehan,965,,965,965,965,12:24 PM
966,966,Emmy,Emmy Matteini,966,,966,966,966,11:35 PM
967,967,Vivienne,Vivienne Cowill,967,,967,967,967,08:23 PM
968,968,Kerrin,Kerrin Mealham,968,,968,968,968,07:43 AM
969,969,Terza,Terza Gillivrie,969,,969,969,969,06:20 PM
970,970,Reagen,Reagen Brandes,970,,970,970,970,04:42 PM
971,971,Crissy,Crissy Colebrook,971,,971,971,971,09:29 AM
972,972,Myranda,Myranda Dingsdale,972,,972,972,972,03:57 AM
973,973,Yule,Yule Moffet,973,,973,973,973,11:18 PM
974,974,Lelah,Lelah McKeggie,974,,974,974,974,04:38 PM
975,975,Karita,Karita Paulson,975,,975,975,975,03:27 AM
976,976,Arlin,Arlin McKag,976,,976,976,976,08:22 AM
977,977,Huey,Huey MacCarroll,977,,977,977,977,04:53 AM
978,978,Carin,Carin Chiese,978,,978,978,978,01:09 PM
979,979,Lizzie,Lizzie Whitters,979,,979,979,979,09:18 AM
980,980,Constanta,Constanta Medmore,980,,980,980,980,05:59 PM
981,981,Frazer,Frazer Gorbell,981,,981,981,981,05:12 PM
982,982,Georgie,Georgie Kleisle,982,,982,982,982,01:50 AM
983,983,Humbert,Humbert Checketts,983,,983,983,983,07:15 AM
984,984,Renado,Renado Kunc,984,,984,984,984,04:32 PM
985,985,Guthrey,Guthrey Keeling,985,,985,985,985,07:03 AM
986,986,Breanne,Breanne Duckinfield,986,,986,986,986,07:11 PM
987,987,Addi,Addi Wilkins,987,,987,987,987,06:02 AM
988,988,Mathian,Mathian Creighton,988,,988,988,988,08:06 AM
989,989,Maryanna,Maryanna Poultney,989,,989,989,989,01:16 AM
990,990,Sarina,Sarina Skacel,990,,990,990,990,06:09 PM
991,991,Kendrick,Kendrick Anster,991,,991,991,991,05:42 PM
992,992,Aksel,Aksel Andrieu,992,,992,992,992,09:08 PM
993,993,Harrietta,Harrietta Caldecott,993,,993,993,993,12:42 PM
994,994,Aurore,Aurore Hunnawill,994,,994,994,994,04:54 AM
995,995,Winn,Winn Maynell,995,,995,995,995,05:29 AM
996,996,Lewie,Lewie Littell,996,,996,996,996,11:12 PM
997,997,Vladamir,Vladamir Doby,997,,997,997,997,10:13 AM
998,998,Mella,Mella Jenman,998,,998,998,998,05:43 AM
999,999,Rufus,Rufus Sowley,999,,999,999,999,07:05 AM
1000,1000,Dick,Dick Mozzini,1000,,1000,1000,1000,03:13 AM
